simulation_id,protocol,success_count,failure_count,total_eprs_used,average_fidelity
1,AC_BQC,0,10,400,0.9241683690011759
2,AC_BQC,0,10,400,0.9241683690011759
3,AC_BQC,0,10,400,0.9241683690011759
4,AC_BQC,0,10,400,0.9241683690011759
5,AC_BQC,0,10,400,0.9241683690011759
6,AC_BQC,0,10,400,0.9241683690011759
7,AC_BQC,0,10,400,0.9241683690011759
8,AC_BQC,0,10,400,0.9241683690011759
9,AC_BQC,0,10,400,0.9241683690011759
10,AC_BQC,0,10,400,0.9241683690011759
